campus_partners,community_organizations
Global Institute of Sustainability and Innovation,GreenLight Solutions Foundation
Global Institute of Sustainability and Innovation,Igniting Discovery
School of Molecular Sciences,Dobson Montessori School - K-12 Campus
Knowledge Enterprise,Science Foundation Arizona
Office of Sex Trafficking Intervention Research,Native American Connections
School of Social Work,Native American Connections
Watts College of Public Service and Community Solutions,Native American Connections
Office of Sex Trafficking Intervention Research,one•n•ten
School of Social Work,one•n•ten
Watts College of Public Service and Community Solutions,one•n•ten
Office of Sex Trafficking Intervention Research,Our Family Services
School of Social Work,Our Family Services
Watts College of Public Service and Community Solutions,Our Family Services
Office of Sex Trafficking Intervention Research,UMOM New Day Centers
School of Social Work,UMOM New Day Centers
Watts College of Public Service and Community Solutions,UMOM New Day Centers
Edson College of Nursing and Health Innovation,Alzheimer's Association Desert Southwest Chapter
Edson College of Nursing and Health Innovation,Area Agency on Aging
Global Institute of Sustainability and Innovation,GreenLight Solutions Foundation
Global Institute of Sustainability and Innovation,Mucho Gusto Taqueria Mexican Bistro
Global Institute of Sustainability and Innovation,Commercial Properties
Global Institute of Sustainability and Innovation,GreenLight Solutions Foundation
School for the Future of Innovation in Society,Arizona Historical Society
School of Historical,Arizona Historical Society
 Philosophical and Religious Studies,Arizona Historical Society
School for the Future of Innovation in Society,Arizona State Historic Preservation Office
School of Historical,Arizona State Historic Preservation Office
 Philosophical and Religious Studies,Arizona State Historic Preservation Office
School for the Future of Innovation in Society,Chandler Unified School District
School of Historical,Chandler Unified School District
 Philosophical and Religious Studies,Chandler Unified School District
School for the Future of Innovation in Society,Tempe History Museum
School of Historical,Tempe History Museum
 Philosophical and Religious Studies,Tempe History Museum
Global Institute of Sustainability and Innovation,Camelback Canyon Estates Homeowners Association
Global Institute of Sustainability and Innovation,GreenLight Solutions Foundation
Hugh Downs School of Human Communication,Boys & Girls Clubs of Metro Phoenix
Social & Behavioral Sciences,Boys & Girls Clubs of Metro Phoenix
Lincoln Center for Applied Ethics,Boys & Girls Clubs of Metro Phoenix
Edson College of Nursing and Health Innovation,Tempe Korean Presbyterian Church
Global Institute of Sustainability and Innovation,GreenLight Solutions Foundation
Global Institute of Sustainability and Innovation,Valley of the Sun United Way
